rank,CpG_index,importance,importance_scaled,loading_V_factor_01,loading_V_factor_02,loading_V_factor_03,loading_V_factor_04,loading_V_factor_05,importance_component_factor_01,importance_component_factor_02,importance_component_factor_03,importance_component_factor_04,importance_component_factor_05
1,376150,1199.791,5.827806e-05,0.00596803,0.001559396,0.007335212,0.01442797,-0.003979465,481.5598,5.418692,97.13522,614.5956,1.081959
2,17908,1127.173,5.475073e-05,-0.0007870409,0.02210195,-0.001943553,-0.002806046,0.001691715,8.374961,1088.536,6.819365,23.2471,0.1955312
3,82918,1093.243,5.310263e-05,0.0007356095,-0.02178348,0.002407868,0.002473257,-0.0003262102,7.316155,1057.392,10.46687,18.06,0.007270373
4,86287,1045.454,5.078137e-05,-0.0006676532,0.02140018,-0.002306571,-0.001768822,0.001064875,6.026847,1020.508,9.604731,9.237356,0.07747446
5,15856,1029.556,5.000912e-05,-0.0007195688,0.02122919,-0.001763398,-0.00206765,0.0008914271,7.000561,1004.265,5.613737,12.62215,0.05429167
6,51194,997.9951,4.847612e-05,-0.0007156058,0.02081063,-0.002109761,-0.002455583,0.001615643,6.923664,965.0547,8.035593,17.8028,0.1783414
7,84576,971.2424,4.717665e-05,-0.0006224377,0.02065107,-0.001466185,-0.001994921,0.0009411705,5.238176,950.313,3.880867,11.7498,0.0605199
8,1074,960.4308,4.665149e-05,-0.0006829562,0.02047407,-0.002226714,-0.001926423,0.001345832,6.306291,934.0928,8.95118,10.95677,0.1237494
9,141619,944.961,4.590007e-05,-0.0007093153,0.02024031,-0.001979503,-0.002470698,0.001610377,6.802474,912.8847,7.07398,18.02264,0.1771807
10,324566,938.5446,4.55884e-05,-0.0006549925,0.0202932,-0.001260447,-0.002032131,0.0005721953,5.80044,917.6615,2.86814,12.19221,0.02236919
11,527105,938.4726,4.558491e-05,0.0005824959,-0.02032565,0.0007546973,0.002021464,0.001683847,4.587478,920.5986,1.028246,12.06455,0.1937166
12,55084,935.7525,4.545278e-05,-0.0006902202,0.02023809,-0.002085719,-0.0017184,0.0009028436,6.441152,912.684,7.853493,8.718215,0.0556912
13,191066,935.0403,4.541819e-05,0.0006660565,-0.02007137,0.002431832,0.002639565,-0.001127787,5.998054,897.7086,10.67625,20.57046,0.0868992
14,123078,931.2827,4.523567e-05,-0.0006736938,0.02019579,-0.001972313,-0.001764144,0.0009516628,6.136396,908.8731,7.022685,9.18856,0.06187679
15,141742,930.9699,4.522047e-05,-0.0006146752,0.0202311,-0.001741083,-0.001675323,0.0008445749,5.108337,912.0537,5.472554,8.2866,0.04873465
16,101305,920.6841,4.472086e-05,-0.0006437502,0.02007186,-0.002244893,-0.001658174,0.001281974,5.603032,897.7531,9.097929,8.117818,0.1122845
17,91805,920.5975,4.471665e-05,-0.0006953356,0.02003428,-0.001598623,-0.002252861,0.0009976946,6.536981,894.3942,4.61364,14.9847,0.06800749
18,90133,909.1959,4.416283e-05,-0.0006351759,0.01992435,-0.003011912,-0.0009541292,0.001013047,5.454768,884.6061,16.37706,2.687779,0.07011658
19,100465,907.7853,4.409431e-05,0.0007715142,0.001922054,0.007087798,0.01646665,0.001952119,8.04778,8.23214,90.69306,800.5519,0.26036
20,2417,907.6556,4.408802e-05,-0.000653582,0.01989784,-0.001890916,-0.00210475,0.001166105,5.775484,882.2531,6.454997,13.07917,0.09290449
21,124115,907.136,4.406278e-05,-0.0006245142,0.01988389,-0.002009678,-0.002128687,0.001608379,5.273183,881.0165,7.291287,13.37836,0.1767414
22,2057,905.6187,4.398908e-05,-0.0006466028,0.01992621,-0.002066652,-0.001584803,0.001004147,5.652798,884.7711,7.71056,7.415315,0.06889001
23,131282,901.4515,4.378666e-05,-0.0007495126,0.01973234,-0.002758483,-0.00202857,0.002201545,7.595321,867.6385,13.737,12.14952,0.3311438
24,2320,893.4844,4.339967e-05,-0.0007036885,0.01966297,-0.002988611,-0.001727803,0.002102927,6.694979,861.5487,16.12464,8.81389,0.3021412
25,571147,893.2529,4.338843e-05,-0.0007036683,0.01970901,-0.003101918,-0.001051816,0.002209681,6.694595,865.5879,17.37049,3.266318,0.333596
26,55970,893.1034,4.338117e-05,-0.0006664275,0.01977345,-0.002186096,-0.001555839,0.0009930393,6.004739,871.257,8.627599,7.146745,0.06737433
27,50251,872.8144,4.239566e-05,-0.0006654655,0.01953113,-0.001779485,-0.001930667,0.001021349,5.987416,850.034,5.71663,11.00511,0.07127045
28,71781,872.0491,4.235848e-05,-0.0005628893,0.01960677,-0.002219315,-0.0008699966,0.0003388903,4.28385,856.6309,8.891794,2.234675,0.007846569
29,458515,871.6537,4.233928e-05,0.0005826949,-0.01954085,-0.0002202146,0.002305724,0.002417944,4.590613,850.8801,0.08754747,15.69618,0.3994424
30,35408,868.4636,4.218432e-05,-0.0006794526,0.01947533,-0.001907192,-0.001874444,0.001195841,6.241753,845.184,6.566593,10.37347,0.09770316
31,65638,861.8436,4.186277e-05,0.0004366828,-0.0194705,0.001024785,0.002063985,0.0006351375,2.578223,844.7645,1.895905,12.57744,0.02756114
32,121702,858.8306,4.171642e-05,-0.0006439161,0.01939149,-0.002184836,-0.00149823,0.0009119005,5.60592,837.9229,8.617656,6.627297,0.05681415
33,12773,849.3326,4.125506e-05,-0.0006142998,0.01928428,-0.002135651,-0.00156451,0.001128209,5.102101,828.6829,8.23402,7.226629,0.08696429
34,45345,843.9865,4.099538e-05,-0.0006433488,0.0192057,-0.001891851,-0.001832085,0.001054999,5.596045,821.9431,6.461382,9.909931,0.07604416
35,69494,843.2094,4.095764e-05,-0.0006458596,0.01919555,-0.002401111,-0.001422239,0.001294637,5.63981,821.0748,10.40821,5.972064,0.1145137
36,70984,841.8436,4.08913e-05,-0.0006093337,0.01916314,-0.00188002,-0.002017285,0.00134426,5.019941,818.3047,6.380816,12.01473,0.1234606
37,566354,840.6605,4.083383e-05,0.005088667,0.001610955,0.005475855,0.01207369,-0.001931532,350.1035,5.782933,54.13216,430.3871,0.2548974
38,30471,840.0098,4.080222e-05,-0.0006409601,0.01915671,-0.001881119,-0.001861985,0.001050312,5.554568,817.7556,6.388278,10.23603,0.07536999
39,690025,835.3369,4.057524e-05,-0.0006974926,0.01908095,-0.002553369,-0.001373082,0.0013387,6.5776,811.3004,11.77006,5.566374,0.1224414
40,298141,835.0189,4.05598e-05,-0.0006277359,0.01902354,-0.002808682,-0.001706047,0.002510956,5.32773,806.4255,14.24152,8.593322,0.4307643
41,133567,828.0952,4.022349e-05,-0.0005609955,0.01907513,-0.002041928,-0.001356791,0.001032129,4.255073,810.8051,7.527181,5.435074,0.07278295
42,76606,825.7438,4.010927e-05,-0.0006735349,0.01895105,-0.00178198,-0.002136149,0.001292986,6.133501,800.2911,5.732674,13.47232,0.1142218
43,24659,819.3774,3.980003e-05,-0.0006225094,0.01894924,-0.002068107,-0.001455742,0.0005620279,5.239382,800.1382,7.721427,6.256742,0.02158128
44,499868,817.4782,3.970779e-05,0.0005701257,-0.01886873,0.001728531,0.002202227,-0.0005074933,4.394702,793.3533,5.393936,14.31869,0.01759633
45,535697,816.0736,3.963956e-05,0.0006215082,-0.01885633,0.001684403,0.002130135,-0.0005611173,5.222542,792.311,5.122043,13.39657,0.02151141
46,75491,813.7607,3.952721e-05,-0.0005316431,0.01896485,-0.001859006,-0.0008699715,0.0003617622,3.821454,801.4568,6.238971,2.234546,0.008941447
47,53674,813.5661,3.951776e-05,-0.0006525731,0.01883465,-0.001770305,-0.001983168,0.0008400124,5.757667,790.4907,5.6578,11.61176,0.04820954
48,71239,812.4602,3.946404e-05,-0.0006432008,0.01884462,-0.001908512,-0.001737406,0.0008691782,5.593472,791.3273,6.575686,8.912135,0.05161539
49,93661,812.3361,3.945801e-05,-0.0006095093,0.01884864,-0.001948507,-0.001716847,0.001155876,5.022835,791.6653,6.854178,8.702466,0.09128177
50,59373,811.3076,3.940805e-05,-0.0005913384,0.01885162,-0.002680247,-0.0007476194,0.0008170126,4.727814,791.9152,12.96884,1.650214,0.0456057
51,45690,811.2883,3.940712e-05,-0.0006604877,0.0187806,-0.001792794,-0.002138665,0.001344383,5.898177,785.9601,5.802459,13.50407,0.1234832
52,35137,811.0984,3.93979e-05,-0.0006159784,0.01879353,-0.002072128,-0.001932247,0.001487176,5.130022,787.0427,7.751482,11.02312,0.1511075
53,355629,810.0439,3.934667e-05,-0.0006398589,0.01861552,-0.002346849,-0.002709905,0.003154698,5.535498,772.2039,9.943099,21.6814,0.6799501
54,463984,808.3423,3.926402e-05,0.0006677441,-0.01870844,0.002178329,0.002161881,-0.0004927003,6.028487,779.9319,8.566396,13.79885,0.01658545
55,602003,808.2958,3.926176e-05,-0.0007059035,0.01870797,-0.002100076,-0.002139674,0.001653846,6.737191,779.8929,7.961987,13.51682,0.1868751
56,8281,805.3653,3.911942e-05,-0.0005558652,0.01874576,-0.001869811,-0.001992225,0.001277698,4.177603,783.0464,6.311709,11.71807,0.1115368
57,107633,803.5588,3.903167e-05,-0.0005542754,0.01884666,-0.001650189,-0.001005931,0.0001934676,4.153742,791.4989,4.916079,2.98755,0.002557279
58,43132,800.7448,3.889498e-05,-0.0003996179,0.01882932,-0.002169919,-0.000107667,0.000335982,2.159127,790.0433,8.500385,0.03422508,0.007712471
59,85606,800.2285,3.88699e-05,-0.0006292142,0.01871048,-0.001882685,-0.001677503,0.0009888572,5.352853,780.1017,6.398917,8.308177,0.06680804
60,85167,793.4755,3.854189e-05,-0.0006536647,0.01861812,-0.002275547,-0.001408494,0.001040147,5.776946,772.4194,9.348093,5.857193,0.07391809
61,132787,793.2991,3.853332e-05,-0.0006261539,0.01866922,-0.002427042,-0.0004863501,0.0001087787,5.30091,776.6649,10.63423,0.6983565,0.0008084429
62,560328,790.7216,3.840812e-05,0.0006424101,-0.01854418,0.002003772,0.001981129,-0.0003697108,5.579727,766.2961,7.248497,11.58791,0.009338688
63,421662,790.4927,3.8397e-05,0.0006361902,-0.01854388,0.001843987,0.002065221,-0.0005123356,5.472203,766.2715,6.138571,12.59251,0.01793373
64,342460,789.7697,3.836188e-05,0.0006307438,-0.01855659,0.001607099,0.002049566,-0.0002169443,5.37891,767.3224,4.662691,12.40232,0.003215571
65,575410,784.4171,3.810189e-05,-0.0006269534,0.01854922,-0.001943056,-0.001371252,0.000570594,5.314456,766.713,6.815882,5.551543,0.02224416
66,715960,783.816,3.807269e-05,0.0005440777,-0.01846951,0.001738017,0.0021947,-0.000158083,4.002304,760.1377,5.453299,14.22098,0.001707386
67,15866,782.6577,3.801643e-05,-0.0006331244,0.01847806,-0.002026264,-0.00173459,0.001216197,5.41959,760.8416,7.412136,8.883267,0.1010577
68,94443,782.6115,3.801418e-05,-0.0006676494,0.01841237,-0.001644824,-0.0023393,0.001225543,6.026777,755.4413,4.884162,16.15664,0.1026169
69,813732,782.347,3.800134e-05,0.0006193802,-0.0184748,0.001755913,0.001931534,-0.0002872305,5.186841,760.5734,5.566181,11.01499,0.00563667
70,71770,782.1695,3.799272e-05,-0.0006128966,0.01846258,-0.001796584,-0.001980821,0.001279682,5.078819,759.5674,5.827021,11.5843,0.1118834
71,756108,781.8834,3.797882e-05,0.0006080837,-0.01845651,0.001928688,0.001938758,-0.0002055152,4.999367,759.0682,6.715454,11.09753,0.002885689
72,126697,780.2823,3.790105e-05,-0.0007089514,0.01837282,-0.001751986,-0.002287918,0.002062948,6.795497,752.2001,5.541311,15.45469,0.2907624
73,43888,780.1833,3.789624e-05,-0.0006052257,0.01849174,-0.001843753,-0.001548797,0.0007934618,4.952484,761.9685,6.137007,7.082199,0.04301437
74,39128,778.058,3.779301e-05,-0.0006258804,0.01842994,-0.001782636,-0.001843259,0.00126773,5.296281,756.8839,5.736893,10.03118,0.1098033
75,47453,776.5005,3.771735e-05,-0.0006395146,0.01835565,-0.001843566,-0.002170966,0.001353897,5.529543,750.7949,6.135768,13.91507,0.1252371
76,136203,774.2051,3.760586e-05,-0.0006019271,0.01839495,-0.001917794,-0.00170231,0.001196395,4.898646,754.0132,6.639802,8.555717,0.09779373
77,101614,773.6886,3.758077e-05,-0.0005855563,0.01849884,-0.001619273,-0.0007713407,-0.0003585184,4.63581,762.5538,4.733602,1.756595,0.008781818
78,45001,772.2771,3.751221e-05,-0.0005414284,0.0184555,-0.00184398,-0.001035982,0.0005655992,3.963422,758.9846,6.138524,3.168719,0.02185642
79,19201,771.1907,3.745943e-05,-0.0006251938,0.01832863,-0.001888759,-0.001911855,0.001136576,5.284666,748.5858,6.440275,10.79169,0.08825891
80,286788,770.5067,3.742621e-05,0.0005701463,-0.01833986,0.001902623,0.001846522,-0.0002987453,4.39502,749.5037,6.53517,10.06673,0.006097667
81,122030,769.9521,3.739927e-05,-0.0006423409,0.01833801,-0.001532798,-0.001904247,0.00104077,5.578525,749.3521,4.241518,10.70597,0.07400664
82,117039,769.9256,3.739799e-05,-0.0006146706,0.01829731,-0.002363754,-0.001699464,0.001593354,5.108261,746.0298,10.08686,8.527134,0.1734548
83,854856,768.9855,3.735233e-05,0.00063321,-0.01827836,0.00183721,0.002096007,-0.0004702877,5.421055,744.485,6.093533,12.97074,0.01511084
84,29886,767.4211,3.727634e-05,-0.0005203625,0.01835545,-0.001279416,-0.001841629,0.0004378333,3.661004,750.7784,2.955118,10.01344,0.01309722
85,77281,765.6033,3.718804e-05,-0.0006190545,0.01830925,-0.001698798,-0.001663116,0.000782745,5.181386,747.0038,5.209966,8.166279,0.04186028
86,232553,763.9158,3.710607e-05,0.0006479739,-0.01821725,0.001761704,0.002108114,4.414992e-05,5.676795,739.5148,5.602959,13.12101,0.0001331746
87,452735,763.7208,3.70966e-05,0.0006223945,-0.01821838,0.001575116,0.002207271,-0.0004379157,5.237448,739.6069,4.478954,14.38436,0.01310215
88,429262,762.4237,3.703359e-05,0.000593369,-0.01825087,0.001829076,0.001782033,-0.0001009275,4.76034,742.2472,6.039692,9.375854,0.0006959536
89,52825,762.0617,3.701601e-05,-0.0006061504,0.01824499,-0.002094196,-0.001572027,0.001276083,4.967628,741.7691,7.917464,7.296245,0.111255
90,51930,761.856,3.700602e-05,-0.0006517512,0.01819902,-0.002001777,-0.001902792,0.001495809,5.743174,738.0362,7.234071,10.68961,0.1528671
91,108458,761.8409,3.700529e-05,-0.0005963668,0.01828874,-0.00180698,-0.001401468,0.000338036,4.808562,745.331,5.894649,5.7989,0.007807057
92,33711,760.501,3.69402e-05,-0.000640938,0.0182031,-0.002469573,-0.001369857,0.000652705,5.554184,738.3672,11.0102,5.540257,0.02910687
93,46661,760.0256,3.691711e-05,-0.000581442,0.01828677,-0.001690729,-0.001316971,0.0002188286,4.570894,745.1701,5.160591,5.120727,0.003271673
94,92447,759.1204,3.687314e-05,-0.0005997237,0.01827913,-0.001974337,-0.0009505184,0.000268963,4.862847,744.548,7.037103,2.667475,0.004942498
95,7087,757.5132,3.679507e-05,-0.0005699381,0.01825639,-0.00187287,-0.001173583,0.0006161933,4.391811,742.6967,6.332373,4.066373,0.02594153
96,244250,755.9236,3.671786e-05,0.0005801395,-0.0181686,0.001924286,0.001757308,-7.071567e-05,4.550437,735.5705,6.684834,9.117484,0.0003416591
97,687698,755.6418,3.670417e-05,0.0006368093,-0.01814154,0.001658253,0.00200013,-0.0001839806,5.482858,733.3811,4.964245,11.81125,0.002312626
98,133466,753.8615,3.66177e-05,-0.0005852478,0.01815428,-0.001856476,-0.001694516,0.001321177,4.630925,734.4118,6.222,8.477557,0.119257
99,432604,753.7824,3.661386e-05,0.0005923458,-0.01814243,0.001492577,0.001978794,-0.0002110182,4.743937,733.4529,4.021838,11.5606,0.003042294
100,59731,753.2576,3.658836e-05,-0.0005668692,0.01814293,-0.001918685,-0.001714832,0.001154862,4.344641,733.4937,6.645973,8.682056,0.09112169
101,104954,750.7386,3.646601e-05,-0.0005135312,0.01817074,-0.002150864,-0.001017408,0.0005554417,3.565511,735.7442,8.351745,3.056114,0.02107844
102,366826,750.7247,3.646533e-05,-0.0007281682,0.01798414,-0.003086688,-0.001339561,0.002254483,7.168885,720.7103,17.20033,5.297904,0.3472607
103,133256,750.2116,3.644041e-05,-0.0005552113,0.01807845,-0.003077869,-0.0004619884,0.0005695826,4.167781,728.2894,17.10218,0.6301464,0.02216537
104,72651,750.1089,3.643542e-05,-0.0005186669,0.01816178,-0.001763752,-0.001399231,0.0009085772,3.637185,735.019,5.615989,5.780401,0.05640079
105,541983,749.6608,3.641366e-05,0.0006154897,-0.01806242,0.001565887,0.002106026,-0.0005257774,5.121885,726.9984,4.42662,13.09503,0.0188871
106,24421,747.0389,3.62863e-05,-0.0006089743,0.01807941,-0.002032347,-0.001444722,0.0007556807,5.014021,728.3668,7.456709,6.162367,0.03901559
107,131853,746.2211,3.624658e-05,-0.0006227592,0.0179693,-0.001464053,-0.002436548,0.0009251144,5.243588,719.5216,3.869588,17.52787,0.05847261
108,6159,745.6617,3.62194e-05,-0.0005865928,0.01808399,-0.00160294,-0.001603477,0.0008009093,4.652236,728.7359,4.638587,7.591104,0.04382564
109,41064,744.9932,3.618693e-05,-0.0006455856,0.01797301,-0.001687588,-0.002197563,0.001429669,5.635027,719.819,5.141433,14.25811,0.1396473
110,614319,744.9351,3.618411e-05,-0.0006249318,0.01797329,-0.001274763,-0.002383011,0.0012909,5.280239,719.8414,2.933662,16.76608,0.1138535
111,15735,744.7867,3.61769e-05,-0.0005015027,0.01812804,-0.001614261,-0.00121675,0.000552405,3.400437,732.29,4.704344,4.371011,0.02084859
112,7349,744.3832,3.61573e-05,-0.0006207409,0.01804595,-0.001693977,-0.001672946,0.0009159142,5.209655,725.6727,5.180436,8.263105,0.05731538
113,421036,743.8548,3.613164e-05,0.0005924886,-0.01800411,0.001763285,0.001944746,-0.0005067842,4.746224,722.3118,5.613018,11.16619,0.01754719
114,122893,742.8635,3.608349e-05,-0.000632047,0.01800435,-0.001826338,-0.001751821,0.0008453039,5.40116,722.3312,6.021628,9.060635,0.04881882
115,474761,742.0912,3.604597e-05,0.004499505,0.001803535,0.006214237,0.01148727,-0.005141517,273.727,7.248206,69.71513,389.5948,1.806109
116,217015,741.9355,3.603841e-05,-0.0006200282,0.01798644,-0.002245274,-0.001498642,0.001273895,5.1977,720.895,9.101021,6.630942,0.1108738
117,16749,741.9018,3.603677e-05,-0.000591395,0.01802805,-0.002125975,-0.00126951,0.0005535698,4.728719,724.2343,8.159579,4.758299,0.02093661
118,532603,740.6943,3.597812e-05,0.0006030181,-0.01793965,0.001667366,0.002145727,-0.0004878948,4.91642,717.1493,5.018954,13.5934,0.0162635
119,85120,740.6887,3.597785e-05,-0.0006434493,0.01789459,-0.002261662,-0.002011241,0.002304716,5.597795,713.5508,9.234359,11.94284,0.3629077
120,836733,740.536,3.597043e-05,0.0005912862,-0.01797715,0.002018164,0.001677196,-0.0001138391,4.72698,720.1501,7.352993,8.305141,0.0008854101
121,15874,739.3025,3.591051e-05,-0.0005611831,0.01797644,-0.002358777,-0.001275575,0.001225207,4.257919,720.0937,10.04443,4.803873,0.1025606
122,852203,739.0892,3.590015e-05,0.0006287755,-0.01793324,0.001861568,0.001916634,-0.0002855735,5.345391,716.6364,6.256178,10.8457,0.005571825
123,68256,738.7579,3.588406e-05,-0.0006245159,0.01796441,-0.001488119,-0.001870375,0.0006472758,5.273211,719.1297,3.997849,10.32849,0.02862466
124,35315,738.7263,3.588253e-05,-0.0004602475,0.01805866,-0.001572882,-0.001248734,0.001190086,2.863988,726.6954,4.466254,4.603825,0.09676491
125,13743,738.1443,3.585426e-05,-0.0005710015,0.01796197,-0.001769286,-0.001750827,0.001208692,4.408215,718.9346,5.651288,9.050358,0.09981428
126,601326,738.0968,3.585195e-05,0.0006417549,-0.01790537,0.00175206,0.002062224,-0.0005351147,5.568352,714.4111,5.54178,12.55598,0.01956389
127,71609,737.9963,3.584707e-05,-0.0005666071,0.01797187,-0.001848391,-0.001611402,0.001171365,4.340625,719.7277,6.167924,7.666325,0.0937445
128,33389,737.4303,3.581958e-05,-0.0006134793,0.01791973,-0.001682932,-0.001978256,0.001308192,5.08848,715.5575,5.113105,11.55432,0.1169243
129,22939,737.3911,3.581767e-05,-0.0006193304,0.01790789,-0.001738755,-0.002015896,0.001417105,5.186006,714.6117,5.457932,11.99819,0.1372036
130,85145,737.3288,3.581465e-05,-0.0005127275,0.01806239,-0.001368129,-0.001069951,0.0005310177,3.55436,726.996,3.379135,3.379925,0.01926547
131,12196,736.508,3.577478e-05,0.004834702,0.001538274,0.004842715,0.01123721,-0.0008580784,316.0295,5.272893,42.33788,372.8174,0.05030551
132,665093,736.243,3.57619e-05,0.0006588784,-0.01786392,0.001709816,0.002175276,-0.0005115169,5.869468,711.1074,5.277768,13.97038,0.01787646
133,22955,735.2712,3.57147e-05,-0.0005486095,0.0179444,-0.001889823,-0.001550684,0.001356663,4.069256,717.5293,6.447537,7.099466,0.1257493
134,124817,735.1068,3.570671e-05,-0.0006050765,0.01793166,-0.001518545,-0.001788765,0.000728195,4.950041,716.5106,4.163,9.446823,0.03622905
135,264037,734.5561,3.567996e-05,0.0005525541,-0.0178617,0.000906819,0.002470016,-6.828502e-05,4.127984,710.9305,1.484542,18.0127,0.0003185755
136,5210,731.8156,3.554685e-05,0.005594919,0.001899517,0.005282116,0.009179624,-0.004508361,423.2294,8.040216,50.36946,248.7878,1.388669
137,720039,731.7661,3.554445e-05,0.0005941369,-0.01784378,0.002722125,0.001179458,0.0002460827,4.772669,709.5049,13.37727,4.107183,0.004137364
138,111946,730.3655,3.547642e-05,-0.0006087625,0.01789927,-0.001481263,-0.001590029,0.0002764478,5.010534,713.9243,3.961102,7.464301,0.005221411
139,130362,730.2336,3.547001e-05,-0.0006102467,0.01785437,-0.00171332,-0.001793185,0.0009281386,5.034996,710.3467,5.299418,9.493566,0.05885553
140,118533,728.8897,3.540473e-05,-0.0006069646,0.01782708,-0.002686156,-0.0009502725,0.0007589038,4.980982,708.1772,13.02608,2.666095,0.03934912
141,34121,726.9439,3.531022e-05,-0.0005728813,0.01779657,-0.001828512,-0.001898474,0.001040329,4.437288,705.7556,6.035972,10.64115,0.07394407
142,112900,726.8535,3.530582e-05,-0.0006441685,0.01774174,-0.001801801,-0.002163891,0.001454231,5.610315,701.4133,5.860908,13.82452,0.1444868
143,173810,725.8183,3.525554e-05,0.0005890448,-0.01782832,0.001772238,0.001559361,0.0001571169,4.691211,708.2761,5.670162,7.179142,0.001686581
144,50397,725.4435,3.523734e-05,-0.000601165,0.01779069,-0.002484613,-0.001175271,0.0008145263,4.886249,705.2891,11.14471,4.078075,0.04532855
145,123113,725.3285,3.523175e-05,-0.0006189366,0.0177667,-0.001755888,-0.001939488,0.001138888,5.179413,703.3885,5.566024,11.10589,0.08861837
146,4759,724.9761,3.521463e-05,-0.0005380043,0.01789122,-0.001169774,-0.001337189,0.0006696542,3.913449,713.2825,2.470333,5.279158,0.03063817
147,136855,724.7909,3.520564e-05,0.0004319722,-0.01778798,0.00127328,0.002197414,0.000400003,2.522899,705.0741,2.926839,14.25618,0.01093171
148,33937,724.4587,3.51895e-05,-0.0006069661,0.01776547,-0.002114155,-0.001636943,0.001739824,4.981007,703.2906,8.0691,7.911275,0.2068103
149,10363,724.0793,3.517107e-05,-0.0005832081,0.01775692,-0.001481283,-0.002081841,0.001264587,4.598703,702.6141,3.961203,12.79601,0.1092594
150,80460,723.4966,3.514277e-05,-0.0005435157,0.01781468,-0.001801476,-0.001457305,0.001630128,3.99404,707.192,5.858795,6.270184,0.1815536
151,270248,723.3409,3.513521e-05,0.0005843271,-0.01776209,0.001902436,0.001761912,-0.0001871759,4.616367,703.0229,6.533883,9.165319,0.002393655
152,448407,722.2436,3.508191e-05,-0.0006756237,0.01769477,-0.00274906,-0.00119892,0.002652538,6.171602,697.7042,13.64331,4.243846,0.4807117
153,317505,722.0573,3.507286e-05,0.0005432936,-0.01771683,0.001362392,0.002272868,-0.0005209177,3.990777,699.4451,3.350856,15.25203,0.01853958
154,89137,721.1401,3.50283e-05,-0.0005759386,0.01777944,-0.001813436,-0.001459533,0.0006817571,4.484774,704.3974,5.93685,6.289371,0.03175564
155,111699,721.0255,3.502273e-05,-0.001427672,-0.001549406,-0.01409953,-0.009878927,0.02452437,27.55785,5.349483,358.8892,288.1368,41.09201
156,351600,720.9039,3.501683e-05,0.0006152149,-0.01769905,0.001460643,0.002168513,-0.0003710121,5.117312,698.0419,3.851588,13.88364,0.009404541
157,593861,720.8695,3.501516e-05,-0.0006141375,0.0178035,-0.00214058,-0.0006344157,0.0002683593,5.099405,706.3048,8.27207,1.188303,0.004920337
158,419008,720.8682,3.501509e-05,0.0005858571,-0.01774178,0.001660901,0.001824162,-0.0003205455,4.640573,701.4161,4.980111,9.824399,0.007020061
159,428386,720.3152,3.498824e-05,-0.0005915106,0.01774679,-0.002527564,-0.0008626913,0.0007799719,4.730568,701.8125,11.53335,2.197304,0.0415642
160,606760,719.9744,3.497168e-05,0.0006677901,-0.01767826,0.001689479,0.002044864,-0.0007979875,6.029318,696.4032,5.152963,12.34549,0.04350646
161,42429,719.7618,3.496136e-05,-0.0005901183,0.01768933,-0.001767246,-0.002018113,0.00130033,4.708326,697.2751,5.638265,12.02459,0.1155231
162,136920,719.2871,3.49383e-05,-0.0005448874,0.01780934,-0.001861334,-0.0008727874,0.0001163651,4.014225,706.7684,6.254607,2.249035,0.0009251395
163,130409,717.9218,3.487198e-05,-0.0005687907,0.01776811,-0.001712391,-0.001267911,0.0003365138,4.374145,703.4999,5.293674,4.746316,0.007736906
164,242880,717.5908,3.48559e-05,0.0005714901,-0.01769946,0.002214722,0.001454456,7.863168e-05,4.415763,698.074,8.855028,6.245688,0.0004224319
165,66861,716.8301,3.481895e-05,-0.0006169096,0.0176848,-0.001962315,-0.001619588,0.001016108,5.145544,696.918,6.951662,7.744408,0.07054095
166,84523,716.2711,3.47918e-05,-0.0005917388,0.01770801,-0.001916873,-0.001437404,0.0008911958,4.73422,698.7491,6.63343,6.100099,0.0542635
167,33298,715.8635,3.4772e-05,-0.0005559048,0.01771097,-0.001446254,-0.001734326,0.0008203171,4.178198,698.9827,3.776076,8.880567,0.04597536
168,99378,714.7064,3.471579e-05,-0.004404502,-0.001250668,-0.01127459,-0.008060824,0.02010148,262.2901,3.485502,229.4843,191.8395,27.60689
169,117439,714.6818,3.47146e-05,-0.0005724676,0.01763868,-0.001664993,-0.002001824,0.001364405,4.43088,693.2878,5.004676,11.83126,0.1271886
170,63645,714.387,3.470028e-05,-0.0005156334,0.01772238,-0.001128248,-0.001704883,0.0006583651,3.594764,699.8831,2.298055,8.581598,0.02961387
171,65645,714.0309,3.468299e-05,0.0005857505,0.01759045,-0.001700589,-0.002228777,0.0002089425,4.638885,689.5021,5.220959,14.66602,0.002982738
172,580673,713.9291,3.467804e-05,-0.0006222608,0.01767727,-0.001889692,-0.001407641,0.00102811,5.235199,696.325,6.446639,5.850099,0.07221717
173,113079,712.4861,3.460795e-05,-0.0006080152,0.01759733,-0.001696188,-0.002029043,0.001196792,4.99824,690.0409,5.193972,12.15519,0.09785865
174,89135,712.0324,3.458591e-05,-0.003551525,-0.001832226,-0.01190316,-0.009124661,0.02178078,170.5367,7.480652,255.7854,245.8175,32.41219
175,57857,711.6178,3.456577e-05,-0.0005334251,0.01764087,-0.002738885,-0.0004908142,0.0009120113,3.847115,693.4601,13.54251,0.7112356,0.05682795
176,727148,710.8719,3.452954e-05,0.0005659802,-0.01762988,0.001908985,0.001579436,5.313721e-05,4.331025,692.5966,6.578945,7.365181,0.0001929119
177,36600,710.6414,3.451834e-05,-0.000592251,0.01759922,-0.001576554,-0.001941365,0.001180135,4.742419,690.1893,4.487134,11.12739,0.0951535
178,116239,710.6103,3.451683e-05,-0.0005863816,0.01761975,-0.001756204,-0.001700992,0.0008596923,4.648887,691.8004,5.568026,8.542471,0.05049492
179,488065,710.45,3.450905e-05,0.0005578893,-0.01760141,0.002156149,0.001592492,-0.0001027661,4.208084,690.361,8.39284,7.487443,0.0007215418
180,728154,710.3447,3.450393e-05,0.0006050725,-0.01758344,0.001868243,0.001852591,-0.0003425183,4.949976,688.9526,6.301127,10.13301,0.008015472
181,57492,709.8264,3.447875e-05,-0.0005859444,0.0176411,-0.001456896,-0.00163002,0.000659702,4.641956,693.4783,3.831851,7.8445,0.02973426
182,3205,709.6924,3.447225e-05,-0.0006267259,0.01754847,-0.001651162,-0.002107204,0.001407795,5.310599,686.2148,4.921874,13.10969,0.1354068
183,318765,709.0068,3.443895e-05,0.0005752685,-0.01757487,0.002088036,0.001684005,-0.0003382979,4.474344,688.2811,7.870952,8.372705,0.007819163
184,34316,708.3759,3.44083e-05,-0.0006066902,0.01754936,-0.00162926,-0.002034323,0.001235245,4.97648,686.2845,4.792167,12.21853,0.104248
185,54598,707.7524,3.437802e-05,-0.0005757261,0.0175596,-0.001849588,-0.001826494,0.001532293,4.481466,687.0851,6.175917,9.849539,0.160415
186,56532,707.0682,3.434478e-05,-0.0005605075,0.0175595,-0.00284596,-0.0006076065,0.0006750427,4.247674,687.0774,14.62207,1.089994,0.03113323
187,859073,706.4644,3.431545e-05,0.0005560228,-0.01756354,0.002151191,0.001487703,-0.0001601822,4.179973,687.3939,8.354289,6.534492,0.001753032
188,88058,706.3455,3.430968e-05,-0.0006127314,0.01752825,-0.001814999,-0.001893374,0.001236176,5.076081,684.6339,5.947085,10.58406,0.1044051
189,70765,706.1434,3.429986e-05,-0.001972061,-0.001389356,-0.01190765,-0.01098117,0.02335308,52.58101,4.301385,255.9785,356.0219,37.26059
190,28502,706.0712,3.429636e-05,-0.0005991582,0.01758882,-0.002014796,-0.001232024,0.0006975419,4.853681,689.3743,7.328474,4.481442,0.03324315
191,210562,705.4697,3.426714e-05,0.0002880495,-0.002039619,-0.00777662,-0.01406815,0.004804465,1.121818,9.269997,109.1775,584.3233,1.577072
192,669869,705.4224,3.426484e-05,0.0005913341,-0.01755465,0.001837948,0.001635556,6.633204e-05,4.727745,686.698,6.098425,7.897873,0.0003006133
193,724232,705.1398,3.425111e-05,-0.0005680397,0.01760491,-0.001428563,-0.00147612,0.0005885167,4.362603,690.6361,3.68426,6.433131,0.02366351
194,261990,704.1621,3.420362e-05,0.0005496016,-0.01755731,0.00138887,0.001811535,-0.0001101113,4.083985,686.9061,3.482366,9.688864,0.0008283715
195,743532,704.0639,3.419885e-05,0.0005890063,-0.01751211,0.001890401,0.001798223,-0.0001314697,4.690598,683.3737,6.451476,9.546987,0.001180899
196,167309,703.7244,3.418236e-05,0.0006598321,-0.01758177,0.001734983,0.001093675,0.0008604825,5.886474,688.8215,5.434278,3.531472,0.05058778
197,130092,703.1614,3.415501e-05,-0.0005707391,0.01755171,-0.001861458,-0.001414696,0.001351076,4.404164,686.4682,6.255442,5.908882,0.1247158
198,128135,702.5616,3.412588e-05,-0.000588193,0.0175191,-0.002156817,-0.001363891,0.001043531,4.677652,683.9195,8.398038,5.492104,0.07439987
199,71834,702.2926,3.411281e-05,-0.0005384597,0.01751139,-0.002330757,-0.001319976,0.001228519,3.920078,683.3182,9.807205,5.144123,0.1031158
200,48710,701.8971,3.409361e-05,-0.0004962881,0.01755143,-0.002107869,-0.001163406,0.001232319,3.33009,686.4459,8.021184,3.996149,0.1037547
